"","","title","address","access","age","floor","fee","manegement_fee","deposit","gratuity","madori","menseki","link","image","date"
"0","0","Ｍ新宿","東京都新宿区西新宿４","
京王新線/初台駅 歩7分
都営大江戸線/西新宿五丁目駅 歩7分
都営大江戸線/都庁前駅 歩16分
","
築11年
4階建
","
											2階","12.8万円","10000円","12.8万円","12.8万円","1LDK","48.29m2","https://suumo.jp//chintai/jnc_000075953633/?bc=100292018963","https://img01.suumo.com/front/gazo/fr/bukken/963/100292018963/100292018963_co.jpg",""
"1","1","カルデア","東京都渋谷区本町６","
京王新線/初台駅 歩9分
京王新線/幡ヶ谷駅 歩11分
都営大江戸線/西新宿五丁目駅 歩14分
","
築6年
3階建
","
											1階","12.9万円","3000円","12.9万円","12.9万円","1LDK","40.99m2","https://suumo.jp//chintai/jnc_000066542563/?bc=100297562977","https://img01.suumo.com/front/gazo/fr/bukken/977/100297562977/100297562977_co.jpg",""
"2","2","京王新線 初台駅 3階建 築36年","東京都渋谷区初台１","
京王新線/初台駅 歩5分
京王新線/幡ヶ谷駅 歩9分
小田急線/参宮橋駅 歩13分
","
築36年
3階建
","
											2階","13万円","-","13万円","-","1LDK","44.72m2","https://suumo.jp//chintai/jnc_000077353463/?bc=100300067121","https://img01.suumo.com/front/gazo/fr/bukken/121/100300067121/100300067121_co.jpg",""
"3","3","京王新線 初台駅 6階建 築31年","東京都渋谷区西原１","
京王新線/初台駅 歩8分
東京メトロ千代田線/代々木公園駅 歩12分
小田急線/代々木上原駅 歩12分
","
築31年
6階建
","
											3階","13.5万円","-","13.5万円","13.5万円","2LDK","46.17m2","https://suumo.jp//chintai/jnc_000032202018/?bc=100298456950","https://img01.suumo.com/front/gazo/fr/bukken/950/100298456950/100298456950_co.jpg",""
"4","4","初台パークサイドハイツ","東京都渋谷区初台１","
京王新線/初台駅 歩2分
小田急線/参宮橋駅 歩9分
都営大江戸線/西新宿五丁目駅 歩13分
","
築41年
14階建
","
											7階","12.5万円","8000円","12.5万円","12.5万円","2LDK","47.48m2","https://suumo.jp//chintai/jnc_000061136364/?bc=100294205868","https://img01.suumo.com/front/gazo/fr/bukken/868/100294205868/100294205868_co.jpg",""
"5","5","初台パークサイドハイツ","東京都渋谷区初台１","
京王新線/初台駅 歩2分
小田急線/参宮橋駅 歩9分
都営大江戸線/西新宿五丁目駅 歩13分
","
築41年
14階建
","
											4階","13.5万円","5000円","13.5万円","13.5万円","1LDK","42m2","https://suumo.jp//chintai/jnc_000042090362/?bc=100076263558","https://img01.suumo.com/front/gazo/fr/bukken/558/100076263558/100076263558_co.jpg",""
"6","6","京王新線 初台駅 4階建 築45年","東京都渋谷区初台１","
京王新線/初台駅 歩1分
小田急線/参宮橋駅 歩10分
東京メトロ千代田線/代々木公園駅 歩12分
","
築45年
4階建
","
											4階","13.8万円","-","13.8万円","13.8万円","2LDK","43.96m2","https://suumo.jp//chintai/jnc_000075212556/?bc=100290525286","https://img01.suumo.com/front/gazo/fr/bukken/286/100290525286/100290525286_co.jpg",""
"7","7","京王新線 初台駅 2階建 築6年","東京都渋谷区本町６","
京王新線/初台駅 歩9分
京王新線/幡ヶ谷駅 歩11分
京王線/笹塚駅 歩24分
","
築6年
2階建
","
											1階","12.9万円","3000円","12.9万円","12.9万円","1LDK","40.99m2","https://suumo.jp//chintai/jnc_000067608694/?bc=100297386900","https://img01.suumo.com/front/gazo/fr/bukken/900/100297386900/100297386900_co.jpg",""
"8","8","初台三十一番館","東京都渋谷区初台１","
京王新線/初台駅 歩5分
京王新線/幡ヶ谷駅 歩8分
小田急線/参宮橋駅 歩15分
","
築36年
3階建
","
											2階","13万円","-","13万円","-","1LDK","44.72m2","https://suumo.jp//chintai/jnc_000075910746/?bc=100288034245","https://img01.suumo.com/front/gazo/fr/bukken/245/100288034245/100288034245_co.jpg",""
"9","9","北村ハイツ","東京都新宿区西新宿３","
京王新線/初台駅 歩7分
小田急線/参宮橋駅 歩9分
都営大江戸線/都庁前駅 歩10分
","
築42年
10階建
","
											6階","11.5万円","8000円","11.5万円","-","1LDK","42.9m2","https://suumo.jp//chintai/jnc_000059715547/?bc=100205666135","https://img01.suumo.com/front/gazo/fr/bukken/135/100205666135/100205666135_co.jpg",""
"10","10","ラフィネ参宮橋レジデンス　（旧代々木シャトー","東京都渋谷区代々木４",",,,,,,,,,,,,,,,q
小田急線/参宮橋駅 歩6分
京王新線/初台駅 歩7分
都営大江戸線/都庁前駅 歩18分
","
築54年
5階建
","
											4階","13.4万円","5000円","13.4万円","13.4万円","1LDK","40.3m2","https://suumo.jp//chintai/jnc_000073481292/?bc=100297828165","https://img01.suumo.com/front/gazo/fr/bukken/165/100297828165/100297828165_co.jpg",""
"11","11","ラフィネ参宮橋レジデンス　（旧代々木シャトー","東京都渋谷区代々木４","
小田急線/参宮橋駅 歩6分
京王新線/初台駅 歩7分
都営大江戸線/都庁前駅 歩18分
","
築54年
5階建
","
											4階","13.4万円","5000円","13.4万円","-","1LDK","40m2","https://suumo.jp//chintai/jnc_000073481293/?bc=100294725593","https://img01.suumo.com/front/gazo/fr/bukken/593/100294725593/100294725593_co.jpg",""
"12","12","ラフィネ参宮橋レジデンス　（旧代々木シャトー","東京都渋谷区代々木４","
小田急線/参宮橋駅 歩6分
京王新線/初台駅 歩7分
都営大江戸線/都庁前駅 歩18分
","
築54年
5階建
","
											3階","13.5万円","5000円","13.5万円","13.5万円","1LDK","40.3m2","https://suumo.jp//chintai/jnc_000073481290/?bc=100297828168","https://img01.suumo.com/front/gazo/fr/bukken/168/100297828168/100297828168_co.jpg",""
"13","13","ラフィネ参宮橋レジデンス　（旧代々木シャトー","東京都渋谷区代々木４","
小田急線/参宮橋駅 歩6分
京王新線/初台駅 歩7分
都営大江戸線/都庁前駅 歩18分
","
築54年
5階建
","
											2階","13.5万円","5000円","13.5万円","-","1LDK","40m2","https://suumo.jp//chintai/jnc_000074825143/?bc=100294725591","https://img01.suumo.com/front/gazo/fr/bukken/591/100294725591/100294725591_co.jpg",""
"14","14","ＪＲ山手線 代々木駅 5階建 築54年","東京都渋谷区代々木４","
ＪＲ山手線/代々木駅 歩14分
小田急線/参宮橋駅 歩8分
京王新線/初台駅 歩8分
","
築54年
5階建
","
											4階","13.4万円","5000円","13.4万円","-","1LDK","40.3m2","https://suumo.jp//chintai/jnc_000073481298/?bc=100269095073","https://img01.suumo.com/front/gazo/fr/bukken/073/100269095073/100269095073_co.jpg",""
"15","15","ＪＲ山手線 代々木駅 5階建 築54年","東京都渋谷区代々木４","
ＪＲ山手線/代々木駅 歩14分
小田急線/参宮橋駅 歩8分
京王新線/初台駅 歩8分
","
築54年
5階建
","
											3階","13.5万円","5000円","13.5万円","-","1LDK","40.3m2","https://suumo.jp//chintai/jnc_000073481297/?bc=100299659726","https://img01.suumo.com/front/gazo/fr/bukken/726/100299659726/100299659726_co.jpg",""
"16","16","京王新線 幡ヶ谷駅 3階建 築28年","東京都渋谷区本町１","
京王新線/幡ヶ谷駅 歩5分
京王新線/初台駅 歩6分
東京メトロ千代田線/代々木上原駅 歩15分
","
築28年
3階建
","
											3階","13万円","5000円","13万円","-","2LDK","43.42m2","https://suumo.jp//chintai/jnc_000018010221/?bc=100297350935","https://img01.suumo.com/front/gazo/fr/bukken/935/100297350935/100297350935_co.jpg",""
"17","17","都営大江戸線 西新宿五丁目駅 12階建 築44年","東京都渋谷区本町３","
都営大江戸線/西新宿五丁目駅 歩6分
京王新線/初台駅 歩7分
京王新線/幡ヶ谷駅 歩17分
","
築44年
12階建
","
											9階","11.9万円","5000円","11.9万円","-","2LDK","41.3m2","https://suumo.jp//chintai/jnc_000074979942/?bc=100291573747","https://img01.suumo.com/front/gazo/fr/bukken/747/100291573747/100291573747_co.jpg",""
"18","18","京王新線 幡ヶ谷駅 5階建 築51年","東京都渋谷区初台２","
京王新線/幡ヶ谷駅 歩7分
京王新線/初台駅 歩7分
小田急線/代々木上原駅 歩13分
","
築51年
5階建
","
											3階","11.5万円","3000円","11.5万円","11.5万円","2LDK","45.3m2","https://suumo.jp//chintai/jnc_000077072298/?bc=100298578694","https://img01.suumo.com/front/gazo/fr/bukken/694/100298578694/100298578694_co.jpg",""
"19","19","京王新線 幡ヶ谷駅 3階建 築6年","東京都渋谷区本町６","
京王新線/幡ヶ谷駅 歩12分
京王新線/初台駅 歩9分
都営大江戸線/西新宿五丁目駅 歩15分
","
築6年
3階建
","
											1階","12.9万円","3000円","12.9万円","12.9万円","1LDK","40.99m2","https://suumo.jp//chintai/jnc_000067608694/?bc=100297395024","https://img01.suumo.com/front/gazo/fr/bukken/024/100297395024/100297395024_co.jpg",""
"20","20","ラフィネ参宮橋レジデンス　（旧代々木シャトー","東京都渋谷区代々木４","
小田急線/参宮橋駅 歩6分
京王新線/初台駅 歩7分
都営大江戸線/都庁前駅 歩18分
","
築54年
5階建
","
											4階","13.4万円","5000円","13.4万円","-","1LDK","40.3m2","https://suumo.jp//chintai/jnc_000073481292/?bc=100294725511","https://img01.suumo.com/front/gazo/fr/bukken/511/100294725511/100294725511_co.jpg",""
"21","21","ラフィネ参宮橋レジデンス　（旧代々木シャトー","東京都渋谷区代々木４","
小田急線/参宮橋駅 歩6分
京王新線/初台駅 歩7分
都営大江戸線/都庁前駅 歩18分
","
築54年
5階建
","
											3階","13.5万円","5000円","13.5万円","-","1LDK","40m2","https://suumo.jp//chintai/jnc_000073481290/?bc=100294725483","https://img01.suumo.com/front/gazo/fr/bukken/483/100294725483/100294725483_co.jpg",""
"22","","カルデア","東京都渋谷区本町６","
京王新線/初台駅 歩9分
京王新線/幡ヶ谷駅 歩11分
都営大江戸線/西新宿五丁目駅 歩14分
","
築6年
3階建
","
											1階","12.9万円","3000円","12.9万円","12.9万円","1LDK","40.99m2","https://suumo.jp//chintai/jnc_000066542563/?bc=100297443222","https://img01.suumo.com/front/gazo/fr/bukken/222/100297443222/100297443222_co.jpg","2022-10-14"
"23","","京王新線 幡ヶ谷駅 5階建 築51年","東京都渋谷区初台２","
京王新線/幡ヶ谷駅 歩7分
京王新線/初台駅 歩7分
小田急線/代々木上原駅 歩18分
","
築51年
5階建
","
											3階","11.5万円","3000円","11.5万円","11.5万円","2LDK","45.3m2","https://suumo.jp//chintai/jnc_000077072298/?bc=100298718602","https://img01.suumo.com/front/gazo/fr/bukken/602/100298718602/100298718602_co.jpg","2022-10-14"
"24","","京王新線 初台駅 6階建 築31年","東京都渋谷区西原１","
京王新線/初台駅 歩8分
東京メトロ千代田線/代々木公園駅 歩12分
小田急線/代々木上原駅 歩12分
","
築31年
6階建
","
											3階","13.5万円","-","13.5万円","13.5万円","2LDK","46.17m2","https://suumo.jp//chintai/jnc_000032202018/?bc=100300570814","https://img01.suumo.com/front/gazo/fr/bukken/814/100300570814/100300570814_co.jpg","2022-10-17"
"25","","カルデア","東京都渋谷区本町６","
京王新線/初台駅 歩9分
京王新線/幡ヶ谷駅 歩11分
都営大江戸線/西新宿五丁目駅 歩14分
","
築6年
3階建
","
											1階","12.9万円","3000円","12.9万円","12.9万円","1LDK","40.99m2","https://suumo.jp//chintai/jnc_000066542563/?bc=100297495321","https://img01.suumo.com/front/gazo/fr/bukken/321/100297495321/100297495321_co.jpg","2022-10-17"
"26","","京王新線 初台駅 4階建 築28年","東京都渋谷区代々木４","
京王新線/初台駅 歩3分
小田急線/参宮橋駅 歩6分
ＪＲ山手線/新宿駅 歩17分
","
築28年
4階建
","
											1階","11.8万円","10000円","11.8万円","11.8万円","1LDK","40m2","https://suumo.jp//chintai/jnc_000077454331/?bc=100300626309","https://img01.suumo.com/front/gazo/fr/bukken/309/100300626309/100300626309_co.jpg","2022-10-17"
"27","","京王新線 初台駅 3階建 築6年","東京都渋谷区本町６","
京王新線/初台駅 歩9分
京王新線/幡ヶ谷駅 歩11分
都営大江戸線/西新宿五丁目駅 歩14分
","
築6年
3階建
","
											1階","12.9万円","3000円","12.9万円","12.9万円","1LDK","40.99m2","https://suumo.jp//chintai/jnc_000067608694/?bc=100297395950","https://img01.suumo.com/front/gazo/fr/bukken/950/100297395950/100297395950_co.jpg","2022-10-17"
"28","","パサージュ京西","東京都渋谷区本町３","
都営大江戸線/西新宿五丁目駅 歩8分
京王新線/初台駅 歩10分
都営大江戸線/都庁前駅 歩19分
","
築44年
12階建
","
											8階","11.9万円","5000円","11.9万円","11.9万円","2LDK","41.3m2","https://suumo.jp//chintai/jnc_000077428743/?bc=100300648982","https://img01.suumo.com/front/gazo/fr/bukken/982/100300648982/100300648982_co.jpg","2022-10-17"
"29","","都営大江戸線 西新宿五丁目駅 12階建 築44年","東京都渋谷区本町３","
都営大江戸線/西新宿五丁目駅 歩6分
京王新線/初台駅 歩7分
京王新線/幡ヶ谷駅 歩17分
","
築44年
12階建
","
											8階","11.9万円","5000円","11.9万円","11.9万円","2LDK","41.3m2","https://suumo.jp//chintai/jnc_000077435595/?bc=100291573747","https://img01.suumo.com/front/gazo/fr/bukken/747/100291573747/100291573747_co.jpg","2022-10-17"
"30","","カルデア","東京都渋谷区本町６","
京王新線/初台駅 歩9分
都営大江戸線/西新宿五丁目駅 歩14分
東京メトロ丸ノ内線/中野新橋駅 歩19分
","
築6年
3階建
","
											1階","12.9万円","3000円","12.9万円","12.9万円","1LDK","40.99m2","https://suumo.jp//chintai/jnc_000066542563/?bc=100297562833","https://img01.suumo.com/front/gazo/fr/bukken/833/100297562833/100297562833_co.jpg","2022-10-17"
"31","","パサージュ京西","東京都渋谷区本町３","
都営大江戸線/西新宿五丁目駅 歩8分
京王新線/初台駅 歩10分
都営大江戸線/都庁前駅 歩19分
","
築44年
12階建
","
											8階","11.9万円","5000円","11.9万円","11.9万円","2LDK","41.3m2","https://suumo.jp//chintai/jnc_000077428743/?bc=100300614165","https://img01.suumo.com/front/gazo/fr/bukken/165/100300614165/100300614165_co.jpg","2022-10-17"
"32","","オーキッドレジデンス西小岩","東京都江戸川区西小岩１","
ＪＲ総武線/小岩駅 歩9分
京成本線/京成小岩駅 バス5分 (バス停)小岩駅 歩8分
北総線/京成高砂駅 バス13分 (バス停)小岩駅北口 歩8分
","
築29年
9階建
","
											3階","12万円","10000円","-","-","2LDK","56.16m2","https://suumo.jp//chintai/jnc_000077383886/?bc=100295637298","https://img01.suumo.com/front/gazo/fr/bukken/298/100295637298/100295637298_co.jpg","2022-10-17"
"33","","オーキッドレジデンス西小岩","東京都江戸川区西小岩１","
ＪＲ総武線/小岩駅 歩9分
京成本線/京成小岩駅 バス5分 (バス停)小岩駅 歩8分
北総線/京成高砂駅 バス13分 (バス停)小岩駅北口 歩8分
","
築29年
9階建
","
											5階","12.4万円","10000円","-","-","2LDK","57.1m2","https://suumo.jp//chintai/jnc_000077383887/?bc=100283994918","https://img01.suumo.com/front/gazo/fr/bukken/918/100283994918/100283994918_co.jpg","2022-10-17"
"34","","オーキッドレジデンス西小岩","東京都江戸川区西小岩１","
ＪＲ総武線/小岩駅 歩9分
京成本線/京成小岩駅 バス5分 (バス停)小岩駅 歩8分
北総線/京成高砂駅 バス13分 (バス停)小岩駅北口 歩8分
","
築29年
9階建
","
											6階","12.5万円","10000円","12.5万円","12.5万円","2LDK","57.1m2","https://suumo.jp//chintai/jnc_000077383888/?bc=100292230920","https://img01.suumo.com/front/gazo/fr/bukken/920/100292230920/100292230920_co.jpg","2022-10-17"
"35","","オーキッドレジデンス西小岩","東京都江戸川区西小岩１","
ＪＲ総武線/小岩駅 歩9分
京成本線/京成小岩駅 バス5分 (バス停)小岩駅 歩8分
北総線/京成高砂駅 バス13分 (バス停)小岩駅北口 歩8分
","
築29年
9階建
","
											5階","12.8万円","10000円","-","-","2LDK","57.1m2","https://suumo.jp//chintai/jnc_000076950745/?bc=100282641968","https://img01.suumo.com/front/gazo/fr/bukken/968/100282641968/100282641968_co.jpg","2022-10-17"
"36","","オーキッドレジデンス西小岩","東京都江戸川区西小岩１","
ＪＲ総武線/小岩駅 歩9分
京成本線/京成小岩駅 バス5分 (バス停)小岩駅 歩8分
北総線/京成高砂駅 バス13分 (バス停)小岩駅北口 歩8分
","
築29年
9階建
","
											6階","12.9万円","10000円","-","-","2LDK","57.1m2","https://suumo.jp//chintai/jnc_000076950746/?bc=100289639029","https://img01.suumo.com/front/gazo/fr/bukken/029/100289639029/100289639029_co.jpg","2022-10-17"
"37","","ＪＲ中央線 荻窪駅 5階建 築28年","東京都杉並区上荻１","
ＪＲ中央線/荻窪駅 歩6分
ＪＲ中央線/西荻窪駅 歩20分
ＪＲ中央線/阿佐ケ谷駅 歩25分
","
築28年
5階建
","
											2階","12.9万円","5000円","12.9万円","12.9万円","2LDK","46.57m2","https://suumo.jp//chintai/jnc_000077483533/?bc=100300797370","https://img01.suumo.com/front/gazo/fr/bukken/370/100300797370/100300797370_co.jpg","2022-10-17"
"38","","イーグル上荻","東京都杉並区上荻１","
ＪＲ中央線/荻窪駅 歩6分
ＪＲ中央線/西荻窪駅 歩20分
ＪＲ中央線/阿佐ケ谷駅 歩25分
","
築28年
5階建
","
											2階","12.9万円","5000円","12.9万円","12.9万円","2LDK","46.57m2","https://suumo.jp//chintai/jnc_000077483532/?bc=100300797181","https://img01.suumo.com/front/gazo/fr/bukken/181/100300797181/100300797181_co.jpg","2022-10-17"
"39","","ファースト浅賀","東京都杉並区高円寺北４","
ＪＲ中央線/高円寺駅 歩9分
ＪＲ中央線/阿佐ケ谷駅 歩15分
西武新宿線/都立家政駅 歩19分
","
築25年
6階建
","
											3階","11.5万円","10000円","11.5万円","-","1LDK","45.65m2","https://suumo.jp//chintai/jnc_000076983481/?bc=100300499780","https://img01.suumo.com/front/gazo/fr/bukken/780/100300499780/100300499780_co.jpg","2022-10-17"
"40","","ファースト浅賀","東京都杉並区高円寺北４","
ＪＲ中央線/高円寺駅 歩9分
ＪＲ中央線/阿佐ケ谷駅 歩15分
西武新宿線/都立家政駅 歩19分
","
築25年
6階建
","
											3階","12.5万円","10000円","12.5万円","-","1LDK","45.65m2","https://suumo.jp//chintai/jnc_000076988947/?bc=100300335818","https://img01.suumo.com/front/gazo/fr/bukken/818/100300335818/100300335818_co.jpg","2022-10-17"
"41","","ファースト浅賀","東京都杉並区高円寺北４","
ＪＲ中央線/高円寺駅 歩9分
ＪＲ中央線/阿佐ケ谷駅 歩15分
西武新宿線/都立家政駅 歩19分
","
築25年
6階建
","
											4階","13万円","10000円","13万円","13万円","1LDK","47m2","https://suumo.jp//chintai/jnc_000033389397/?bc=100297434291","https://img01.suumo.com/front/gazo/fr/bukken/291/100297434291/100297434291_co.jpg","2022-10-17"
"42","","ファースト浅賀","東京都杉並区高円寺北４","
ＪＲ中央線/高円寺駅 歩9分
ＪＲ中央線/阿佐ケ谷駅 歩15分
西武新宿線/都立家政駅 歩19分
","
築25年
6階建
","
											4階","13万円","10000円","13万円","-","1LDK","45.65m2","https://suumo.jp//chintai/jnc_000013465259/?bc=100300155815","https://img01.suumo.com/front/gazo/fr/bukken/815/100300155815/100300155815_co.jpg","2022-10-17"
"43","","エクセンシア南荻窪","東京都杉並区南荻窪２","
ＪＲ中央線/西荻窪駅 歩10分
ＪＲ中央線/荻窪駅 歩18分

","
築8年
3階建
","
											2階","13万円","5000円","13万円","13万円","1LDK","45.9m2","https://suumo.jp//chintai/jnc_000077483566/?bc=100300803372","https://img01.suumo.com/front/gazo/fr/bukken/372/100300803372/100300803372_co.jpg","2022-10-17"
"44","","ＪＲ総武線 小岩駅 3階建 築4年","東京都江戸川区南小岩５","
ＪＲ総武線/小岩駅 歩10分


","
築4年
3階建
","
											3階","11.1万円","3000円","11.1万円","11.1万円","1LDK","46.98m2","https://suumo.jp//chintai/jnc_000077476981/?bc=100300728357","https://img01.suumo.com/front/gazo/fr/bukken/357/100300728357/100300728357_co.jpg","2022-10-17"
"45","","ＪＲ総武線 小岩駅 3階建 築24年","東京都江戸川区南小岩６","
ＪＲ総武線/小岩駅 歩9分
京成本線/京成小岩駅 歩24分

","
築24年
3階建
","
											2階","10.3万円","5000円","-","-","2DK","49.47m2","https://suumo.jp//chintai/jnc_000076883182/?bc=100298897160","https://img01.suumo.com/front/gazo/fr/bukken/160/100298897160/100298897160_co.jpg","2022-10-17"
"46","","ＪＲ総武線 小岩駅 3階建 築24年","東京都江戸川区南小岩６","
ＪＲ総武線/小岩駅 歩9分
京成本線/京成小岩駅 歩24分

","
築24年
3階建
","
											2階","10.5万円","5000円","-","-","2DK","49.47m2","https://suumo.jp//chintai/jnc_000076548075/?bc=100294085261","https://img01.suumo.com/front/gazo/fr/bukken/261/100294085261/100294085261_co.jpg","2022-10-17"
"47","","サキ西小岩_402号","東京都江戸川区西小岩３","
ＪＲ総武線/小岩駅 歩8分
京成本線/京成小岩駅 歩15分
北総線/新柴又駅 歩28分
","
築8年
5階建
","
											4階","12.5万円","8000円","12.5万円","25万円","2LDK","50.53m2","https://suumo.jp//chintai/jnc_000077324319/?bc=100300087235","https://img01.suumo.com/front/gazo/fr/bukken/235/100300087235/100300087235_co.jpg","2022-10-17"
"48","","メイプル小岩","東京都江戸川区南小岩６","
ＪＲ総武線/小岩駅 歩9分
京成本線/京成小岩駅 歩24分
京成本線/江戸川駅 歩28分
","
築24年
3階建
","
											2階","10.3万円","5000円","-","-","2DK","49.47m2","https://suumo.jp//chintai/jnc_000076863063/?bc=100293312706","https://img01.suumo.com/front/gazo/fr/bukken/706/100293312706/100293312706_co.jpg","2022-10-17"
"49","","メイプル小岩","東京都江戸川区南小岩６","
ＪＲ総武線/小岩駅 歩9分
京成本線/京成小岩駅 歩24分
京成本線/江戸川駅 歩28分
","
築24年
3階建
","
											2階","10.5万円","5000円","-","-","2DK","49.47m2","https://suumo.jp//chintai/jnc_000028957390/?bc=100299852874","https://img01.suumo.com/front/gazo/fr/bukken/874/100299852874/100299852874_co.jpg","2022-10-17"
"50","","モナド小岩ＥＡＳＴ","東京都江戸川区南小岩８","
ＪＲ総武線/小岩駅 歩4分
京成本線/京成小岩駅 歩20分
北総線/新柴又駅 歩30分
","
築13年
3階建
","
											2階","13万円","4500円","13万円","13万円","2LDK","57.75m2","https://suumo.jp//chintai/jnc_000077284783/?bc=100244773370","https://img01.suumo.com/front/gazo/fr/bukken/370/100244773370/100244773370_co.jpg","2022-10-17"
"51","","ＪＲ総武線 小岩駅 5階建 築8年","東京都江戸川区西小岩３","
ＪＲ総武線/小岩駅 歩10分
京成本線/京成小岩駅 歩18分

","
築8年
5階建
","
											4階","12.5万円","8000円","12.5万円","25万円","2LDK","50.53m2","https://suumo.jp//chintai/jnc_000077335762/?bc=100300051567","https://img01.suumo.com/front/gazo/fr/bukken/567/100300051567/100300051567_co.jpg","2022-10-17"
"52","","ＪＲ中央線 西荻窪駅 3階建 築10年","東京都杉並区西荻北５","
ＪＲ中央線/西荻窪駅 歩8分
ＪＲ中央線/吉祥寺駅 歩24分
ＪＲ中央線/荻窪駅 歩28分
","
築10年
3階建
","
											2-3階","12.3万円","5000円","12.3万円","12.3万円","1SLDK","59.2m2","https://suumo.jp//chintai/jnc_000077001761/?bc=100298174935","https://img01.suumo.com/front/gazo/fr/bukken/935/100298174935/100298174935_co.jpg","2022-10-17"
"53","","ＪＲ中央線 高円寺駅 6階建 築25年","東京都杉並区高円寺北４","
ＪＲ中央線/高円寺駅 歩10分
ＪＲ中央線/阿佐ケ谷駅 歩15分
西武新宿線/都立家政駅 歩18分
","
築25年
6階建
","
											3階","12.5万円","10000円","12.5万円","-","1LDK","45m2","https://suumo.jp//chintai/jnc_000076955973/?bc=100296187052","https://img01.suumo.com/front/gazo/fr/bukken/052/100296187052/100296187052_co.jpg","2022-10-17"
"54","","ＪＲ中央線 高円寺駅 6階建 築25年","東京都杉並区高円寺北４","
ＪＲ中央線/高円寺駅 歩10分
ＪＲ中央線/阿佐ケ谷駅 歩15分
西武新宿線/都立家政駅 歩18分
","
築25年
6階建
","
											4階","13万円","10000円","13万円","-","1LDK","49.8m2","https://suumo.jp//chintai/jnc_000013465263/?bc=100295426408","https://img01.suumo.com/front/gazo/fr/bukken/408/100295426408/100295426408_co.jpg","2022-10-17"
"55","","ＪＲ中央線 高円寺駅 6階建 築25年","東京都杉並区高円寺北４","
ＪＲ中央線/高円寺駅 歩10分
ＪＲ中央線/阿佐ケ谷駅 歩15分
西武新宿線/都立家政駅 歩18分
","
築25年
6階建
","
											4階","13万円","10000円","13万円","-","1LDK","47.25m2","https://suumo.jp//chintai/jnc_000045563143/?bc=100295761636","https://img01.suumo.com/front/gazo/fr/bukken/636/100295761636/100295761636_co.jpg","2022-10-17"
"56","","FLAT3403号","東京都江戸川区南小岩７","
ＪＲ総武線/小岩駅 歩6分
京成本線/京成小岩駅 歩24分
京成本線/江戸川駅 歩24分
","
築19年
7階建
","
											2階","10.8万円","9000円","10.8万円","-","1LDK","48.59m2","https://suumo.jp//chintai/jnc_000077375459/?bc=100294831119","https://img01.suumo.com/front/gazo/fr/bukken/119/100294831119/100294831119_co.jpg","2022-10-17"
"57","","FLAT3403号","東京都江戸川区南小岩７","
ＪＲ総武線/小岩駅 歩6分
京成本線/京成小岩駅 歩24分
京成本線/江戸川駅 歩24分
","
築19年
7階建
","
											4階","11万円","9000円","11万円","-","1LDK","48.59m2","https://suumo.jp//chintai/jnc_000077375460/?bc=100292798127","https://img01.suumo.com/front/gazo/fr/bukken/127/100292798127/100292798127_co.jpg","2022-10-17"
"58","","ＪＲ中央線 西荻窪駅 5階建 築21年","東京都杉並区松庵２","
ＪＲ中央線/西荻窪駅 歩9分
京王井の頭線/三鷹台駅 歩18分
京王井の頭線/久我山駅 歩20分
","
築21年
5階建
","
											3階","13.5万円","-","13.5万円","13.5万円","1LDK","54.6m2","https://suumo.jp//chintai/jnc_000077008410/?bc=100285576740","https://img01.suumo.com/front/gazo/fr/bukken/740/100285576740/100285576740_co.jpg","2022-10-17"
"59","","ピサンリ","東京都江戸川区北小岩１","
ＪＲ総武線/小岩駅 歩7分
京成本線/京成小岩駅 歩10分
京成本線/江戸川駅 歩12分
","
築19年
6階建
","
											3階","11.2万円","6057円","11.2万円","-","1LDK","57.13m2","https://suumo.jp//chintai/jnc_000064663901/?bc=100298576691","https://img01.suumo.com/front/gazo/fr/bukken/691/100298576691/100298576691_co.jpg","2022-10-17"
"60","","京王線 千歳烏山駅 2階建 築3年","東京都世田谷区南烏山４","
京王線/千歳烏山駅 歩5分
京王線/芦花公園駅 歩9分
京王線/八幡山駅 歩19分
","
築3年
2階建
","
											2-3階","13.2万円","5000円","13.2万円","13.2万円","2LDK","46.61m2","https://suumo.jp//chintai/jnc_000077026749/?bc=100298411521","https://img01.suumo.com/front/gazo/fr/bukken/521/100298411521/100298411521_co.jpg","2022-10-17"
"61","","京王線 千歳烏山駅 2階建 築3年","東京都世田谷区南烏山４","
京王線/千歳烏山駅 歩5分
京王線/芦花公園駅 歩9分
京王線/八幡山駅 歩19分
","
築3年
2階建
","
											2階","13.2万円","5000円","13.2万円","-","2LDK","46.6m2","https://suumo.jp//chintai/jnc_000077031966/?bc=100248661633","https://img01.suumo.com/front/gazo/fr/bukken/633/100248661633/100248661633_co.jpg","2022-10-17"
"62","","Ｃａｖａｌｌｏ千歳烏山","東京都世田谷区南烏山４","
京王線/千歳烏山駅 歩5分
京王線/芦花公園駅 歩9分
京王線/八幡山駅 歩19分
","
築3年
3階建
","
											2-3階","13.2万円","5000円","13.2万円","13.2万円","2LDK","46.61m2","https://suumo.jp//chintai/jnc_000077043161/?bc=100298750219","https://img01.suumo.com/front/gazo/fr/bukken/219/100298750219/100298750219_co.jpg","2022-10-17"
"63","","（仮称）世田谷区松原２丁目計画　東棟","東京都世田谷区松原２","
京王線/明大前駅 歩6分
京王井の頭線/東松原駅 歩9分
京王線/下高井戸駅 歩11分
","
新築
2階建
","
											2階","12.8万円","5000円","6.4万円","19.2万円","1LDK","47.38m2","https://suumo.jp//chintai/jnc_000075941927/?bc=100299712989","https://img01.suumo.com/front/gazo/fr/bukken/989/100299712989/100299712989_co.jpg","2022-10-17"
"64","","（仮称）世田谷区松原２丁目計画　東棟","東京都世田谷区松原２","
京王線/明大前駅 歩6分
京王井の頭線/東松原駅 歩9分
京王線/下高井戸駅 歩11分
","
新築
2階建
","
											2階","12.8万円","5000円","-","19.2万円","1LDK","47.38m2","https://suumo.jp//chintai/jnc_000075941928/?bc=100292483731","https://img01.suumo.com/front/gazo/fr/bukken/731/100292483731/100292483731_co.jpg","2022-10-17"
"65","","京王井の頭線 明大前駅 2階建 新築","東京都世田谷区松原２","
京王井の頭線/明大前駅 歩6分
京王線/下高井戸駅 歩11分
京王井の頭線/東松原駅 歩9分
","
新築
2階建
","
											2階","12.8万円","5000円","6.4万円","19.2万円","1LDK","47.38m2","https://suumo.jp//chintai/jnc_000075941929/?bc=100299679444","https://img01.suumo.com/front/gazo/fr/bukken/444/100299679444/100299679444_co.jpg","2022-10-17"
"66","","京王線 千歳烏山駅 3階建 築26年","東京都世田谷区給田３","
京王線/千歳烏山駅 歩10分
京王線/仙川駅 歩14分
京王線/芦花公園駅 歩18分
","
築26年
3階建
","
											2階","12.2万円","5000円","12.2万円","-","2DK","47.45m2","https://suumo.jp//chintai/jnc_000077250291/?bc=100271899065","https://img01.suumo.com/front/gazo/fr/bukken/065/100271899065/100271899065_co.jpg","2022-10-17"
"67","","グリーンヒルかや","東京都杉並区高円寺南３","
東京メトロ丸ノ内線/新高円寺駅 歩3分
ＪＲ中央線/高円寺駅 歩10分
東京メトロ丸ノ内線/南阿佐ケ谷駅 歩15分
","
築25年
2階建
","
											2階","12.5万円","3500円","12.5万円","12.5万円","1LDK","45.7m2","https://suumo.jp//chintai/jnc_000076944951/?bc=100295051012","https://img01.suumo.com/front/gazo/fr/bukken/012/100295051012/100295051012_co.jpg","2022-10-17"
"68","","パルロイヤル小岩","東京都江戸川区東小岩５","
ＪＲ総武線/小岩駅 歩7分
京成本線/江戸川駅 歩14分
京成本線/京成小岩駅 歩15分
","
築28年
10階建
","
											6階","13万円","-","13万円","13万円","2LDK","57.78m2","https://suumo.jp//chintai/jnc_000076829826/?bc=100297055624","https://img01.suumo.com/front/gazo/fr/bukken/624/100297055624/100297055624_co.jpg","2022-10-17"
"69","","ＪＲ総武線 小岩駅 9階建 築29年","東京都江戸川区西小岩１","
ＪＲ総武線/小岩駅 歩10分


","
築29年
9階建
","
											3階","12万円","10000円","-","-","2LDK","56.16m2","https://suumo.jp//chintai/jnc_000077404606/?bc=100282585262","https://img01.suumo.com/front/gazo/fr/bukken/262/100282585262/100282585262_co.jpg","2022-10-17"
"70","","ＪＲ総武線 小岩駅 9階建 築29年","東京都江戸川区西小岩１","
ＪＲ総武線/小岩駅 歩10分


","
築29年
9階建
","
											5階","12.4万円","10000円","-","-","2LDK","57.1m2","https://suumo.jp//chintai/jnc_000077404607/?bc=100282652601","https://img01.suumo.com/front/gazo/fr/bukken/601/100282652601/100282652601_co.jpg","2022-10-17"
"71","","ＪＲ総武線 小岩駅 9階建 築29年","東京都江戸川区西小岩１","
ＪＲ総武線/小岩駅 歩10分


","
築29年
9階建
","
											6階","12.5万円","10000円","12.5万円","12.5万円","2LDK","57.1m2","https://suumo.jp//chintai/jnc_000077383889/?bc=100292230900","https://img01.suumo.com/front/gazo/fr/bukken/900/100292230900/100292230900_co.jpg","2022-10-17"
"72","","ＪＲ総武線 小岩駅 9階建 築29年","東京都江戸川区西小岩１","
ＪＲ総武線/小岩駅 歩10分


","
築29年
9階建
","
											3階","12.5万円","10000円","-","-","2LDK","56.16m2","https://suumo.jp//chintai/jnc_000076908418/?bc=100299606363","https://img01.suumo.com/front/gazo/fr/bukken/363/100299606363/100299606363_co.jpg","2022-10-17"
"73","","ＪＲ総武線 小岩駅 9階建 築29年","東京都江戸川区西小岩１","
ＪＲ総武線/小岩駅 歩10分


","
築29年
9階建
","
											5階","12.8万円","10000円","-","-","2LDK","57.1m2","https://suumo.jp//chintai/jnc_000077039206/?bc=100283043886","https://img01.suumo.com/front/gazo/fr/bukken/886/100283043886/100283043886_co.jpg","2022-10-17"
"74","","ＪＲ総武線 小岩駅 9階建 築29年","東京都江戸川区西小岩１","
ＪＲ総武線/小岩駅 歩10分


","
築29年
9階建
","
											6階","12.9万円","10000円","12.9万円","12.9万円","2LDK","57.1m2","https://suumo.jp//chintai/jnc_000076962668/?bc=100289627627","https://img01.suumo.com/front/gazo/fr/bukken/627/100289627627/100289627627_co.jpg","2022-10-17"
"75","","ヴェラ・フォルトーナ","東京都江戸川区南小岩６","
ＪＲ総武線/小岩駅 歩5分
京成本線/京成小岩駅 歩20分
京成本線/江戸川駅 歩25分
","
築27年
6階建
","
											4階","11.5万円","10000円","11.5万円","11.5万円","2LDK","51.73m2","https://suumo.jp//chintai/jnc_000075518890/?bc=100291124347","https://img01.suumo.com/front/gazo/fr/bukken/347/100291124347/100291124347_co.jpg","2022-10-17"
"76","","SETOLE M401号","東京都江戸川区西小岩３","
ＪＲ総武線/小岩駅 歩8分
京成本線/京成小岩駅 歩18分
京成本線/江戸川駅 歩26分
","
築26年
4階建
","
											4階","13.5万円","3000円","13.5万円","13.5万円","2LDK","74.6m2","https://suumo.jp//chintai/jnc_000069032155/?bc=100294751860","https://img01.suumo.com/front/gazo/fr/bukken/860/100294751860/100294751860_co.jpg","2022-10-17"
"77","","ＪＲ総武線 小岩駅 10階建 築28年","東京都江戸川区東小岩５","
ＪＲ総武線/小岩駅 歩6分
京成本線/江戸川駅 歩12分
京成本線/京成小岩駅 歩13分
","
築28年
10階建
","
											6階","13万円","-","13万円","13万円","2LDK","57.78m2","https://suumo.jp//chintai/jnc_000076829827/?bc=100297192792","https://img01.suumo.com/front/gazo/fr/bukken/792/100297192792/100297192792_co.jpg","2022-10-17"
"78","","ＪＲ中央線 荻窪駅 6階建 築26年","東京都杉並区清水１","
ＪＲ中央線/荻窪駅 歩8分
ＪＲ中央線/西荻窪駅 歩23分
ＪＲ中央線/阿佐ケ谷駅 歩26分
","
築26年
6階建
","
											4階","14万円","-","14万円","14万円","2LDK","45m2","https://suumo.jp//chintai/jnc_000039554765/?bc=100295259720","https://img01.suumo.com/front/gazo/fr/bukken/720/100295259720/100295259720_co.jpg","2022-10-17"
"79","","Ｅａｕ　Ｒｏｕｇｅ","東京都江戸川区南小岩６","
ＪＲ総武線/小岩駅 歩8分
京成本線/京成小岩駅 歩26分

","
築4年
3階建
","
											2階","11.5万円","3000円","11.5万円","11.5万円","1LDK","48.51m2","https://suumo.jp//chintai/jnc_000069551935/?bc=100295215606","https://img01.suumo.com/front/gazo/fr/bukken/606/100295215606/100295215606_co.jpg","2022-10-17"
"80","","ＪＲ総武線 小岩駅 6階建 築19年","東京都江戸川区北小岩１","
ＪＲ総武線/小岩駅 歩7分
京成本線/京成小岩駅 歩10分
京成本線/江戸川駅 歩12分
","
築19年
6階建
","
											3階","11.2万円","6057円","11.2万円","-","1LDK","57.13m2","https://suumo.jp//chintai/jnc_000064663902/?bc=100298897158","https://img01.suumo.com/front/gazo/fr/bukken/158/100298897158/100298897158_co.jpg","2022-10-17"
"81","","Ｍコート松庵","東京都杉並区松庵２","
ＪＲ総武線/西荻窪駅 歩9分
京王井の頭線/久我山駅 歩20分
京王井の頭線/三鷹台駅 歩19分
","
築21年
5階建
","
											3階","13.5万円","-","13.5万円","13.5万円","1LDK","54.6m2","https://suumo.jp//chintai/jnc_000077008409/?bc=100269210093","https://img01.suumo.com/front/gazo/fr/bukken/093/100269210093/100269210093_co.jpg","2022-10-17"
"82","","Ｍコート松庵","東京都杉並区松庵２","
ＪＲ総武線/西荻窪駅 歩9分
京王井の頭線/久我山駅 歩20分
京王井の頭線/三鷹台駅 歩19分
","
築21年
5階建
","
											3階","13.9万円","-","13.9万円","13.9万円","1LDK","54.6m2","https://suumo.jp//chintai/jnc_000073290996/?bc=100284947160","https://img01.suumo.com/front/gazo/fr/bukken/160/100284947160/100284947160_co.jpg","2022-10-17"
"83","","レイワレジデンス小岩","東京都江戸川区南小岩５","
ＪＲ総武線/小岩駅 歩10分
京成本線/京成小岩駅 歩25分
ＪＲ総武線快速/新小岩駅 歩34分
","
築4年
3階建
","
											3階","11.1万円","3000円","11.1万円","11.1万円","1LDK","46.98m2","https://suumo.jp//chintai/jnc_000076353848/?bc=100299528241","https://img01.suumo.com/front/gazo/fr/bukken/241/100299528241/100299528241_co.jpg","2022-10-17"
"84","","東京メトロ丸ノ内線 荻窪駅 10階建 築29年","東京都杉並区上荻２","
東京メトロ丸ノ内線/荻窪駅 歩8分
ＪＲ中央線/荻窪駅 歩11分
ＪＲ中央線/西荻窪駅 歩21分
","
築29年
10階建
","
											6階","11.3万円","10000円","22.6万円","11.3万円","1LDK","46.43m2","https://suumo.jp//chintai/jnc_000065496892/?bc=100275243534","https://img01.suumo.com/front/gazo/fr/bukken/534/100275243534/100275243534_co.jpg","2022-10-17"
"85","","オーキッドレジデンス西小岩","東京都江戸川区西小岩１","
ＪＲ総武線/小岩駅 歩9分
京成本線/京成小岩駅 バス5分 (バス停)小岩駅 歩8分
北総線/京成高砂駅 バス13分 (バス停)小岩駅北口 歩8分
","
築29年
9階建
","
											6階","12.5万円","10000円","-","-","2LDK","57.01m2","https://suumo.jp//chintai/jnc_000077383888/?bc=100290276183","https://img01.suumo.com/front/gazo/fr/bukken/183/100290276183/100290276183_co.jpg","2022-10-18"
"86","","Mコート松庵","東京都杉並区松庵２","
ＪＲ中央線/西荻窪駅 歩9分
京王井の頭線/三鷹台駅 歩19分
ＪＲ中央線/吉祥寺駅 歩23分
","
築21年
5階建
","
											3階","13.5万円","-","13.5万円","13.5万円","1LDK","54.6m2","https://suumo.jp//chintai/jnc_000077008409/?bc=100298390335","https://img01.suumo.com/front/gazo/fr/bukken/335/100298390335/100298390335_co.jpg","2022-10-18"
"87","","ＪＲ中央線 西荻窪駅 5階建 築22年","東京都杉並区松庵２","
ＪＲ中央線/西荻窪駅 歩9分
京王井の頭線/三鷹台駅 歩18分
ＪＲ中央線/吉祥寺駅 歩23分
","
築22年
5階建
","
											3階","13.5万円","-","13.5万円","13.5万円","1LDK","54.6m2","https://suumo.jp//chintai/jnc_000077008410/?bc=100298718639","https://img01.suumo.com/front/gazo/fr/bukken/639/100298718639/100298718639_co.jpg","2022-10-18"
"88","","メゾン　フォレ","東京都杉並区和田１","
東京メトロ丸ノ内線/東高円寺駅 歩7分
東京メトロ丸ノ内線/中野富士見町駅 歩10分
東京メトロ丸ノ内線/新中野駅 歩10分
","
築10年
2階建
","
											2階","13.5万円","3000円","13.5万円","20.25万円","1LDK","55.56m2","https://suumo.jp//chintai/jnc_000077216479/?bc=100299248122","https://img01.suumo.com/front/gazo/fr/bukken/122/100299248122/100299248122_co.jpg","2022-10-20"
"89","","桂花","東京都中野区大和町１","
ＪＲ中央線/高円寺駅 歩10分
西武新宿線/野方駅 歩14分
西武新宿線/沼袋駅 歩20分
","
築6年
2階建
","
											2階","11.8万円","3000円","11.8万円","11.8万円","1LDK","49.15m2","https://suumo.jp//chintai/jnc_000077441470/?bc=100300601633","https://img01.suumo.com/front/gazo/fr/bukken/633/100300601633/100300601633_co.jpg","2022-10-20"
"90","","アーバンハイツ中野","東京都中野区弥生町３","
東京メトロ丸ノ内線/中野新橋駅 歩5分
東京メトロ丸ノ内線/中野富士見町駅 歩12分
都営大江戸線/西新宿五丁目駅 歩14分
","
築4年
3階建
","
											2階","13.5万円","5000円","13.5万円","13.5万円","1LDK","50.88m2","https://suumo.jp//chintai/jnc_000076767192/?bc=100298178860","https://img01.suumo.com/front/gazo/fr/bukken/860/100298178860/100298178860_co.jpg","2022-10-20"
"91","","東京メトロ丸ノ内線 中野新橋駅 3階建 築4年","東京都中野区弥生町３","
東京メトロ丸ノ内線/中野新橋駅 歩5分
都営大江戸線/西新宿五丁目駅 歩14分
東京メトロ丸ノ内線/中野富士見町駅 歩13分
","
築4年
3階建
","
											2階","13.5万円","5000円","13.5万円","13.5万円","1LDK","50.88m2","https://suumo.jp//chintai/jnc_000076782885/?bc=100300728305","https://img01.suumo.com/front/gazo/fr/bukken/305/100300728305/100300728305_co.jpg","2022-10-20"
"92","","ブリランテ","東京都世田谷区南烏山３","
京王線/芦花公園駅 歩2分
京王線/千歳烏山駅 歩10分
京王線/八幡山駅 歩14分
","
築4年
3階建
","
											2階","12.3万円","5000円","-","12.3万円","1SLDK","47.12m2","https://suumo.jp//chintai/jnc_000077353442/?bc=100298958632","https://img01.suumo.com/front/gazo/fr/bukken/632/100298958632/100298958632_co.jpg","2022-10-20"
"93","","京王線 芦花公園駅 3階建 築4年","東京都世田谷区南烏山３","
京王線/芦花公園駅 歩2分
京王線/千歳烏山駅 歩10分
京王線/八幡山駅 歩14分
","
築4年
3階建
","
											2階","12.3万円","5000円","-","12.3万円","1SLDK","47.12m2","https://suumo.jp//chintai/jnc_000077353443/?bc=100300943395","https://img01.suumo.com/front/gazo/fr/bukken/395/100300943395/100300943395_co.jpg","2022-10-20"
"94","","ＪＲ総武線 高円寺駅 2階建 築6年","東京都中野区大和町１","
ＪＲ総武線/高円寺駅 歩10分
西武新宿線/野方駅 歩14分
西武新宿線/都立家政駅 歩19分
","
築6年
2階建
","
											2階","11.8万円","3000円","11.8万円","11.8万円","1LDK","49.15m2","https://suumo.jp//chintai/jnc_000077441471/?bc=100300582514","https://img01.suumo.com/front/gazo/fr/bukken/514/100300582514/100300582514_co.jpg","2022-10-20"
"95","","京王線 代田橋駅 3階建 築7年","東京都世田谷区大原２","
京王線/代田橋駅 歩5分
京王井の頭線/東松原駅 歩10分
京王線/笹塚駅 歩13分
","
築7年
3階建
","
											2-3階","13.5万円","3000円","-","13.5万円","1LDK","50.1m2","https://suumo.jp//chintai/jnc_000059365270/?bc=100300969229","https://img01.suumo.com/front/gazo/fr/bukken/229/100300969229/100300969229_co.jpg","2022-10-20"
"96","","オリーブコート","東京都中野区本町６","
東京メトロ丸ノ内線/新中野駅 歩3分
ＪＲ中央線/中野駅 歩13分
東京メトロ丸ノ内線/東高円寺駅 歩11分
","
築11年
2階建
","
											2階","13.5万円","3000円","13.5万円","20.25万円","1LDK","47.94m2","https://suumo.jp//chintai/jnc_000077404110/?bc=100300408308","https://img01.suumo.com/front/gazo/fr/bukken/308/100300408308/100300408308_co.jpg","2022-10-20"
"97","","アズキ・マ・メゾン住吉","東京都江東区住吉２","
都営新宿線/住吉駅 歩2分
都営新宿線/西大島駅 歩14分
ＪＲ総武線/錦糸町駅 歩19分
","
築1年
2階建
","
											2階","13.8万円","-","13.8万円","13.8万円","2LDK","56.38m2","https://suumo.jp//chintai/jnc_000077026606/?bc=100297921468","https://img01.suumo.com/front/gazo/fr/bukken/468/100297921468/100297921468_co.jpg","2022-10-20"
"98","","京王線 芦花公園駅 3階建 築4年","東京都世田谷区南烏山３","
京王線/芦花公園駅 歩2分
京王線/千歳烏山駅 歩10分
京王線/八幡山駅 歩12分
","
築4年
3階建
","
											2階","12.3万円","5000円","-","12.3万円","1SLDK","47.12m2","https://suumo.jp//chintai/jnc_000077089529/?bc=100298815856","https://img01.suumo.com/front/gazo/fr/bukken/856/100298815856/100298815856_co.jpg","2022-10-20"
"99","","京王線 芦花公園駅 3階建 築4年","東京都世田谷区南烏山５","
京王線/芦花公園駅 歩2分
京王線/千歳烏山駅 歩10分
京王線/八幡山駅 歩14分
","
築4年
3階建
","
											2階","12.3万円","5000円","-","12.3万円","1SLDK","46.25m2","https://suumo.jp//chintai/jnc_000077099002/?bc=100298719303","https://img01.suumo.com/front/gazo/fr/bukken/303/100298719303/100298719303_co.jpg","2022-10-20"
"100","","ベルヴィル大原","東京都世田谷区大原２","
京王線/代田橋駅 歩5分
京王井の頭線/東松原駅 歩10分
京王線/笹塚駅 歩13分
","
築7年
3階建
","
											2-3階","13.5万円","3000円","-","13.5万円","1LDK","50.1m2","https://suumo.jp//chintai/jnc_000059365269/?bc=100298848442","https://img01.suumo.com/front/gazo/fr/bukken/442/100298848442/100298848442_co.jpg","2022-10-20"
"101","","アーバンハイツ中野(アーバンハイツナカノ)","東京都中野区弥生町３","
東京メトロ丸ノ内線/中野新橋駅 歩5分
都営大江戸線/西新宿五丁目駅 歩14分
東京メトロ丸ノ内線/中野富士見町駅 歩13分
","
築4年
3階建
","
											2階","13.5万円","5000円","13.5万円","13.5万円","1LDK","50.88m2","https://suumo.jp//chintai/jnc_000076767192/?bc=100299610420","https://img01.suumo.com/front/gazo/fr/bukken/420/100299610420/100299610420_co.jpg","2022-10-20"
"102","","ＪＲ中央線 高円寺駅 2階建 築6年","東京都中野区大和町１","
ＪＲ中央線/高円寺駅 歩10分
西武新宿線/野方駅 歩14分
東京メトロ丸ノ内線/新高円寺駅 歩18分
","
築6年
2階建
","
											2階","11.8万円","3000円","11.8万円","11.8万円","1LDK","49.15m2","https://suumo.jp//chintai/jnc_000077441471/?bc=100300616012","https://img01.suumo.com/front/gazo/fr/bukken/012/100300616012/100300616012_co.jpg","2022-10-20"
"103","","グランツ明大前","東京都杉並区和泉２","
京王線/代田橋駅 歩7分
京王線/明大前駅 歩11分
京王線/笹塚駅 歩15分
","
築4年
2階建
","
											2階","13.5万円","5000円","13.5万円","13.5万円","1LDK","47.71m2","https://suumo.jp//chintai/jnc_000077726404/?bc=100302189452","https://img01.suumo.com/front/gazo/fr/bukken/452/100302189452/100302189452_co.jpg","2022-10-31"
"104","","京王線 代田橋駅 3階建 築10年","東京都渋谷区笹塚２","
京王線/代田橋駅 歩7分
京王線/笹塚駅 歩9分
東京メトロ丸ノ内線/方南町駅 歩17分
","
築10年
3階建
","
											3階","13.2万円","2000円","13.2万円","19.8万円","1LDK","46.79m2","https://suumo.jp//chintai/jnc_000077619775/?bc=100301801852","https://img01.suumo.com/front/gazo/fr/bukken/852/100301801852/100301801852_co.jpg","2022-10-31"
"105","","クレールK","東京都渋谷区笹塚２","
京王線/代田橋駅 歩7分
京王線/笹塚駅 歩8分
東京メトロ丸ノ内線/方南町駅 歩17分
","
築10年
3階建
","
											3階","13.2万円","2000円","13.2万円","19.8万円","1LDK","46.79m2","https://suumo.jp//chintai/jnc_000077615526/?bc=100301783585","https://img01.suumo.com/front/gazo/fr/bukken/585/100301783585/100301783585_co.jpg","2022-10-31"
"106","","都営新宿線 西大島駅 11階建 築29年","東京都江東区大島１","
都営新宿線/西大島駅 歩3分
東京メトロ半蔵門線/住吉駅 歩6分
ＪＲ総武線/亀戸駅 歩15分
","
築29年
11階建
","
											3階","13.2万円","8000円","26.4万円","-","2LDK","56.7m2","https://suumo.jp//chintai/jnc_000077392001/?bc=100301799110","https://img01.suumo.com/front/gazo/fr/bukken/110/100301799110/100301799110_co.jpg","2022-10-31"
"107","","Maison Bonheur","東京都墨田区向島５","
東京メトロ半蔵門線/押上駅 歩10分
東武伊勢崎線/曳舟駅 歩8分
京成押上線/京成曳舟駅 歩12分
","
築8年
3階建
","
											2階","13.7万円","3000円","13.7万円","27.4万円","1LDK","63.18m2","https://suumo.jp//chintai/jnc_000056832085/?bc=100302046876","https://img01.suumo.com/front/gazo/fr/bukken/876/100302046876/100302046876_co.jpg","2022-10-31"
"108","","京王線 笹塚駅 3階建 築10年","東京都渋谷区笹塚２","
京王線/笹塚駅 歩8分
京王線/代田橋駅 歩7分
東京メトロ丸ノ内線/方南町駅 歩16分
","
築10年
3階建
","
											3階","13.2万円","2000円","13.2万円","19.8万円","1LDK","46.79m2","https://suumo.jp//chintai/jnc_000077619775/?bc=100301723689","https://img01.suumo.com/front/gazo/fr/bukken/689/100301723689/100301723689_co.jpg","2022-10-31"
"109","","クレールＫ","東京都渋谷区笹塚２","
京王線/笹塚駅 歩8分
京王線/代田橋駅 歩7分
東京メトロ丸ノ内線/方南町駅 歩17分
","
築10年
3階建
","
											3階","13.2万円","2000円","13.2万円","19.8万円","1LDK","46.79m2","https://suumo.jp//chintai/jnc_000077615526/?bc=100301793196","https://img01.suumo.com/front/gazo/fr/bukken/196/100301793196/100301793196_co.jpg","2022-10-31"
"110","","京王線 芦花公園駅 3階建 築5年","東京都世田谷区南烏山３","
京王線/芦花公園駅 歩2分
京王線/千歳烏山駅 歩10分
京王線/八幡山駅 歩14分
","
築5年
3階建
","
											2階","12.3万円","5000円","-","12.3万円","1SLDK","47.12m2","https://suumo.jp//chintai/jnc_000077353443/?bc=100302659032","https://img01.suumo.com/front/gazo/fr/bukken/032/100302659032/100302659032_co.jpg","2022-10-31"
"111","","ネッラ　フォレスタ","東京都杉並区方南２","
東京メトロ丸ノ内線/方南町駅 歩6分
東京メトロ丸ノ内線/中野富士見町駅 歩12分
東京メトロ丸ノ内線/東高円寺駅 歩20分
","
築5年
2階建
","
											2階","12.5万円","2000円","12.5万円","12.5万円","1LDK","48.23m2","https://suumo.jp//chintai/jnc_000077904811/?bc=100303283929","https://img01.suumo.com/front/gazo/fr/bukken/929/100303283929/100303283929_co.jpg","2022-11-05"
"112","","ネッラ　フォレスタ","東京都杉並区方南２","
東京メトロ丸ノ内線/方南町駅 歩6分
東京メトロ丸ノ内線/中野富士見町駅 歩12分
東京メトロ丸ノ内線/東高円寺駅 歩20分
","
築5年
2階建
","
											2階","12.5万円","2000円","12.5万円","12.5万円","2DK","47.82m2","https://suumo.jp//chintai/jnc_000077904812/?bc=100303283903","https://img01.suumo.com/front/gazo/fr/bukken/903/100303283903/100303283903_co.jpg","2022-11-05"
"113","","東京メトロ丸ノ内線 方南町駅 2階建 築5年","東京都杉並区方南２","
東京メトロ丸ノ内線/方南町駅 歩6分
東京メトロ丸ノ内線/中野富士見町駅 歩12分
東京メトロ丸ノ内線/東高円寺駅 歩20分
","
築5年
2階建
","
											2階","12.5万円","2000円","12.5万円","12.5万円","1LDK","48.23m2","https://suumo.jp//chintai/jnc_000077912146/?bc=100303285066","https://img01.suumo.com/front/gazo/fr/bukken/066/100303285066/100303285066_co.jpg","2022-11-05"
"114","","ネッラフォレスタ","東京都杉並区方南２","
東京メトロ丸ノ内線/方南町駅 歩6分
東京メトロ丸ノ内線/中野富士見町駅 歩12分
東京メトロ丸ノ内線/東高円寺駅 歩20分
","
築5年
2階建
","
											2階","12.5万円","2000円","12.5万円","12.5万円","1LDK","48.23m2","https://suumo.jp//chintai/jnc_000077904811/?bc=100303317545","https://img01.suumo.com/front/gazo/fr/bukken/545/100303317545/100303317545_co.jpg","2022-11-05"
"115","","ネッラフォレスタ","東京都杉並区方南２","
東京メトロ丸ノ内線/方南町駅 歩6分
東京メトロ丸ノ内線/中野富士見町駅 歩12分
東京メトロ丸ノ内線/東高円寺駅 歩20分
","
築5年
2階建
","
											2階","12.5万円","2000円","12.5万円","12.5万円","2DK","47.82m2","https://suumo.jp//chintai/jnc_000077904812/?bc=100303283903","https://img01.suumo.com/front/gazo/fr/bukken/903/100303283903/100303283903_co.jpg","2022-11-05"
"116","","東京メトロ丸ノ内線 方南町駅 2階建 築5年","東京都杉並区方南２","
東京メトロ丸ノ内線/方南町駅 歩6分
東京メトロ丸ノ内線/中野富士見町駅 歩12分
東京メトロ丸ノ内線/東高円寺駅 歩20分
","
築5年
2階建
","
											2階","12.5万円","2000円","12.5万円","12.5万円","2DK","47.82m2","https://suumo.jp//chintai/jnc_000077904813/?bc=100303341776","https://img01.suumo.com/front/gazo/fr/bukken/776/100303341776/100303341776_co.jpg","2022-11-05"
"117","","ネッラ フォレスタ","東京都杉並区方南２","
東京メトロ丸ノ内線/方南町駅 歩6分
東京メトロ丸ノ内線/中野富士見町駅 歩12分
東京メトロ丸ノ内線/東高円寺駅 歩20分
","
築5年
2階建
","
											2階","12.5万円","2000円","12.5万円","12.5万円","1LDK","48.23m2","https://suumo.jp//chintai/jnc_000077904811/?bc=100303317746","https://img01.suumo.com/front/gazo/fr/bukken/746/100303317746/100303317746_co.jpg","2022-11-05"
"118","","ネッラ フォレスタ","東京都杉並区方南２","
東京メトロ丸ノ内線/方南町駅 歩6分
東京メトロ丸ノ内線/中野富士見町駅 歩12分
東京メトロ丸ノ内線/東高円寺駅 歩20分
","
築5年
2階建
","
											2階","12.5万円","2000円","12.5万円","12.5万円","2DK","47.82m2","https://suumo.jp//chintai/jnc_000077904812/?bc=100303283903","https://img01.suumo.com/front/gazo/fr/bukken/903/100303283903/100303283903_co.jpg","2022-11-05"
"119","","東京メトロ丸ノ内線 新中野駅 2階建 築16年","東京都中野区中央３","
東京メトロ丸ノ内線/新中野駅 歩5分
ＪＲ中央線/中野駅 歩14分
東京メトロ丸ノ内線/中野坂上駅 歩15分
","
築16年
2階建
","
											2階","13.8万円","-","27.6万円","13.8万円","1LDK","49.79m2","https://suumo.jp//chintai/jnc_000077977681/?bc=100303552130","https://img01.suumo.com/front/gazo/fr/bukken/130/100303552130/100303552130_co.jpg","2022-11-07"
"120","","東京メトロ丸ノ内線 新中野駅 3階建 築16年","東京都中野区中央３","
東京メトロ丸ノ内線/新中野駅 歩5分
都営大江戸線/中野坂上駅 歩12分
ＪＲ総武線/中野駅 歩14分
","
築16年
3階建
","
											2階","13.8万円","-","27.6万円","13.8万円","1LDK","49.79m2","https://suumo.jp//chintai/jnc_000077977681/?bc=100303604911","https://img01.suumo.com/front/gazo/fr/bukken/911/100303604911/100303604911_co.jpg","2022-11-07"
"121","","アーバンハイツ中野","東京都中野区弥生町３","
東京メトロ丸ノ内線/中野新橋駅 歩5分
都営大江戸線/西新宿五丁目駅 歩14分
東京メトロ丸ノ内線/中野富士見町駅 歩13分
","
築4年
3階建
","
											2階","13.5万円","5000円","13.5万円","13.5万円","1LDK","50.88m2","https://suumo.jp//chintai/jnc_000076767192/?bc=100300729151","https://img01.suumo.com/front/gazo/fr/bukken/151/100300729151/100300729151_co.jpg","2022-11-08"
"122","","ネッラ　フォレスタ","東京都杉並区方南２","
東京メトロ丸ノ内線/方南町駅 歩4分
東京メトロ丸ノ内線/中野富士見町駅 歩12分
東京メトロ丸ノ内線/東高円寺駅 歩20分
","
築5年
2階建
","
											2階","12.5万円","2000円","12.5万円","12.5万円","1LDK","48.23m2","https://suumo.jp//chintai/jnc_000077904811/?bc=100303293584","https://img01.suumo.com/front/gazo/fr/bukken/584/100303293584/100303293584_co.jpg","2022-11-08"
"123","","ネッラ　フォレスタ","東京都杉並区方南２","
東京メトロ丸ノ内線/方南町駅 歩4分
東京メトロ丸ノ内線/中野富士見町駅 歩12分
東京メトロ丸ノ内線/東高円寺駅 歩20分
","
築5年
2階建
","
											2階","12.5万円","2000円","12.5万円","12.5万円","2DK","47.82m2","https://suumo.jp//chintai/jnc_000077904812/?bc=100303285640","https://img01.suumo.com/front/gazo/fr/bukken/640/100303285640/100303285640_co.jpg","2022-11-08"
"124","","東京メトロ丸ノ内線 新中野駅 3階建 築16年","東京都中野区中央３","
東京メトロ丸ノ内線/新中野駅 歩5分
都営大江戸線/中野坂上駅 歩12分
ＪＲ総武線/中野駅 歩14分
","
築16年
3階建
","
											2階","13.8万円","-","27.6万円","13.8万円","1LDK","49.79m2","https://suumo.jp//chintai/jnc_000077977681/?bc=100303604911","https://img01.suumo.com/front/gazo/fr/bukken/911/100303604911/100303604911_co.jpg","2022-11-08"
"125","","東京メトロ丸ノ内線 方南町駅 2階建 築5年","東京都杉並区方南２","
東京メトロ丸ノ内線/方南町駅 歩6分
東京メトロ丸ノ内線/東高円寺駅 歩20分
東京メトロ丸ノ内線/中野富士見町駅 歩12分
","
築5年
2階建
","
											2階","12.5万円","2000円","12.5万円","12.5万円","1LDK","48.23m2","https://suumo.jp//chintai/jnc_000077912146/?bc=100303577108","https://img01.suumo.com/front/gazo/fr/bukken/108/100303577108/100303577108_co.jpg","2022-11-08"
"126","","東京メトロ丸ノ内線 方南町駅 2階建 築5年","東京都杉並区方南２","
東京メトロ丸ノ内線/方南町駅 歩6分
東京メトロ丸ノ内線/東高円寺駅 歩20分
東京メトロ丸ノ内線/中野富士見町駅 歩12分
","
築5年
2階建
","
											2階","12.5万円","2000円","12.5万円","12.5万円","2DK","47.82m2","https://suumo.jp//chintai/jnc_000077904813/?bc=100303341826","https://img01.suumo.com/front/gazo/fr/bukken/826/100303341826/100303341826_co.jpg","2022-11-08"
"127","","京王線 代田橋駅 3階建 築10年","東京都渋谷区笹塚２","
京王線/代田橋駅 歩7分
京王線/笹塚駅 歩8分
東京メトロ丸ノ内線/方南町駅 歩17分
","
築10年
3階建
","
											3階","13.2万円","2000円","13.2万円","19.8万円","1LDK","46.79m2","https://suumo.jp//chintai/jnc_000077619775/?bc=100301784335","https://img01.suumo.com/front/gazo/fr/bukken/335/100301784335/100301784335_co.jpg","2022-11-08"
"128","","グランツ明大前","東京都杉並区和泉２","
京王線/代田橋駅 歩7分
京王線/明大前駅 歩11分
京王線/笹塚駅 歩15分
","
築4年
2階建
","
											2階","13.5万円","5000円","13.5万円","13.5万円","1LDK","47.71m2","https://suumo.jp//chintai/jnc_000077726404/?bc=100302189452","https://img01.suumo.com/front/gazo/fr/bukken/452/100302189452/100302189452_co.jpg","2022-11-08"
"129","","京王線 代田橋駅 3階建 築7年","東京都世田谷区大原２","
京王線/代田橋駅 歩5分
京王井の頭線/東松原駅 歩10分
京王線/笹塚駅 歩13分
","
築7年
3階建
","
											2-3階","13.5万円","3000円","-","13.5万円","1LDK","50.1m2","https://suumo.jp//chintai/jnc_000059365270/?bc=100303365867","https://img01.suumo.com/front/gazo/fr/bukken/867/100303365867/100303365867_co.jpg","2022-11-08"
"130","","ベルヴィル大原","東京都世田谷区大原２","
京王線/代田橋駅 歩5分
京王井の頭線/東松原駅 歩10分
京王線/笹塚駅 歩13分
","
築7年
3階建
","
											2-3階","13.5万円","3000円","-","13.5万円","1LDK","50.1m2","https://suumo.jp//chintai/jnc_000059365269/?bc=100303142595","https://img01.suumo.com/front/gazo/fr/bukken/595/100303142595/100303142595_co.jpg","2022-11-08"
"131","","クレールＫ","東京都渋谷区笹塚２","
京王線/笹塚駅 歩8分
京王線/代田橋駅 歩7分
東京メトロ丸ノ内線/方南町駅 歩17分
","
築10年
3階建
","
											3階","13.2万円","2000円","13.2万円","19.8万円","1LDK","46.79m2","https://suumo.jp//chintai/jnc_000077615526/?bc=100301793196","https://img01.suumo.com/front/gazo/fr/bukken/196/100301793196/100301793196_co.jpg","2022-11-08"
"132","","ＪＲ中央線 西荻窪駅 5階建 築21年","東京都杉並区松庵２","
ＪＲ中央線/西荻窪駅 歩9分
京王井の頭線/三鷹台駅 歩18分
京王井の頭線/久我山駅 歩20分
","
築21年
5階建
","
											3階","13.5万円","-","13.5万円","13.5万円","1LDK","54.6m2","https://suumo.jp//chintai/jnc_000077008410/?bc=100285576740","https://img01.suumo.com/front/gazo/fr/bukken/740/100285576740/100285576740_co.jpg","2022-11-08"
"133","","アズキ・マ・メゾン住吉","東京都江東区住吉２","
都営新宿線/住吉駅 歩2分
都営新宿線/西大島駅 歩14分
ＪＲ総武線/錦糸町駅 歩19分
","
築1年
2階建
","
											2階","13.8万円","-","13.8万円","13.8万円","2LDK","56.38m2","https://suumo.jp//chintai/jnc_000077026606/?bc=100297921468","https://img01.suumo.com/front/gazo/fr/bukken/468/100297921468/100297921468_co.jpg","2022-11-08"
"134","","都営新宿線 西大島駅 11階建 築29年","東京都江東区大島１","
都営新宿線/西大島駅 歩3分
東京メトロ半蔵門線/住吉駅 歩6分
ＪＲ総武線/亀戸駅 歩15分
","
築29年
11階建
","
											3階","13.2万円","8000円","26.4万円","-","2LDK","56.7m2","https://suumo.jp//chintai/jnc_000077392001/?bc=100301689692","https://img01.suumo.com/front/gazo/fr/bukken/692/100301689692/100301689692_co.jpg","2022-11-08"
"135","","東京メトロ丸ノ内線 中野新橋駅 3階建 築4年","東京都中野区弥生町３","
東京メトロ丸ノ内線/中野新橋駅 歩5分
東京メトロ丸ノ内線/中野富士見町駅 歩12分
都営大江戸線/西新宿五丁目駅 歩14分
","
築4年
3階建
","
											2階","13.5万円","5000円","13.5万円","13.5万円","1LDK","50.88m2","https://suumo.jp//chintai/jnc_000076782885/?bc=100296984034","https://img01.suumo.com/front/gazo/fr/bukken/034/100296984034/100296984034_co.jpg","2022-11-08"
"136","","オリーブコート","東京都中野区本町６","
東京メトロ丸ノ内線/新中野駅 歩3分
ＪＲ中央線/中野駅 歩13分
東京メトロ丸ノ内線/東高円寺駅 歩11分
","
築11年
2階建
","
											2階","13.5万円","3000円","13.5万円","16.88万円","1LDK","47.94m2","https://suumo.jp//chintai/jnc_000077404110/?bc=100300408308","https://img01.suumo.com/front/gazo/fr/bukken/308/100300408308/100300408308_co.jpg","2022-11-08"
"137","","Maison Bonheur","東京都墨田区向島５","
東京メトロ半蔵門線/押上駅 歩10分
東武伊勢崎線/曳舟駅 歩8分
京成押上線/京成曳舟駅 歩12分
","
築8年
3階建
","
											2階","13.7万円","3000円","13.7万円","27.4万円","1LDK","63.18m2","https://suumo.jp//chintai/jnc_000056832085/?bc=100302046876","https://img01.suumo.com/front/gazo/fr/bukken/876/100302046876/100302046876_co.jpg","2022-11-08"
"138","","Ｍコート松庵","東京都杉並区松庵２","
ＪＲ中央線/西荻窪駅 歩9分
京王井の頭線/三鷹台駅 歩19分
京王井の頭線/久我山駅 歩18分
","
築21年
5階建
","
											3階","13.5万円","-","13.5万円","13.5万円","1LDK","54.6m2","https://suumo.jp//chintai/jnc_000077008409/?bc=100269210093","https://img01.suumo.com/front/gazo/fr/bukken/093/100269210093/100269210093_co.jpg","2022-11-08"
"139","","京王線 笹塚駅 3階建 築10年","東京都渋谷区笹塚２","
京王線/笹塚駅 歩8分
京王線/代田橋駅 歩7分
東京メトロ丸ノ内線/方南町駅 歩16分
","
築10年
3階建
","
											3階","13.2万円","2000円","13.2万円","19.8万円","1LDK","46.79m2","https://suumo.jp//chintai/jnc_000077619775/?bc=100301723689","https://img01.suumo.com/front/gazo/fr/bukken/689/100301723689/100301723689_co.jpg","2022-11-08"
"140","","アーバンハイツ中野(アーバンハイツナカノ)","東京都中野区弥生町３","
東京メトロ丸ノ内線/中野新橋駅 歩5分
都営大江戸線/西新宿五丁目駅 歩14分
東京メトロ丸ノ内線/中野富士見町駅 歩13分
","
築4年
3階建
","
											2階","13.5万円","5000円","13.5万円","13.5万円","1LDK","50.88m2","https://suumo.jp//chintai/jnc_000076767192/?bc=100300558793","https://img01.suumo.com/front/gazo/fr/bukken/793/100300558793/100300558793_co.jpg","2022-11-08"
"141","","東京メトロ丸ノ内線 新中野駅 2階建 築16年","東京都中野区中央３","
東京メトロ丸ノ内線/新中野駅 歩5分
ＪＲ総武線/中野駅 歩14分
東京メトロ丸ノ内線/中野新橋駅 歩13分
","
築16年
2階建
","
											2階","13.8万円","-","27.6万円","13.8万円","1LDK","49.79m2","https://suumo.jp//chintai/jnc_000077977681/?bc=100303589491","https://img01.suumo.com/front/gazo/fr/bukken/491/100303589491/100303589491_co.jpg","2022-11-08"
"142","","クレールK","東京都渋谷区笹塚２","
京王線/代田橋駅 歩7分
京王線/笹塚駅 歩8分
東京メトロ丸ノ内線/方南町駅 歩17分
","
築10年
3階建
","
											3階","13.2万円","2000円","13.2万円","19.8万円","1LDK","46.79m2","https://suumo.jp//chintai/jnc_000077615526/?bc=100301783585","https://img01.suumo.com/front/gazo/fr/bukken/585/100301783585/100301783585_co.jpg","2022-11-08"
"143","","ネッラ フォレスタ","東京都杉並区方南２","
東京メトロ丸ノ内線/方南町駅 歩6分
東京メトロ丸ノ内線/中野富士見町駅 歩12分
東京メトロ丸ノ内線/東高円寺駅 歩20分
","
築5年
2階建
","
											2階","12.5万円","2000円","12.5万円","12.5万円","1LDK","48.23m2","https://suumo.jp//chintai/jnc_000077904811/?bc=100303546396","https://img01.suumo.com/front/gazo/fr/bukken/396/100303546396/100303546396_co.jpg","2022-11-08"
"144","","ネッラ フォレスタ","東京都杉並区方南２","
東京メトロ丸ノ内線/方南町駅 歩6分
東京メトロ丸ノ内線/中野富士見町駅 歩12分
東京メトロ丸ノ内線/東高円寺駅 歩20分
","
築5年
2階建
","
											2階","12.5万円","2000円","12.5万円","12.5万円","2DK","47.82m2","https://suumo.jp//chintai/jnc_000077904812/?bc=100303285640","https://img01.suumo.com/front/gazo/fr/bukken/640/100303285640/100303285640_co.jpg","2022-11-08"
"145","","ネッラフォレスタ","東京都杉並区方南２","
東京メトロ丸ノ内線/方南町駅 歩6分
東京メトロ丸ノ内線/中野富士見町駅 歩12分
東京メトロ丸ノ内線/東高円寺駅 歩20分
","
築5年
2階建
","
											2階","12.5万円","2000円","12.5万円","12.5万円","1LDK","48.23m2","https://suumo.jp//chintai/jnc_000077904811/?bc=100303317545","https://img01.suumo.com/front/gazo/fr/bukken/545/100303317545/100303317545_co.jpg","2022-11-08"
"146","","ネッラフォレスタ","東京都杉並区方南２","
東京メトロ丸ノ内線/方南町駅 歩6分
東京メトロ丸ノ内線/中野富士見町駅 歩12分
東京メトロ丸ノ内線/東高円寺駅 歩20分
","
築5年
2階建
","
											2階","12.5万円","2000円","12.5万円","12.5万円","2DK","47.82m2","https://suumo.jp//chintai/jnc_000077904812/?bc=100303283903","https://img01.suumo.com/front/gazo/fr/bukken/903/100303283903/100303283903_co.jpg","2022-11-08"
"147","","ＪＲ中央線 西荻窪駅 5階建 築22年","東京都杉並区松庵２","
ＪＲ中央線/西荻窪駅 歩9分
京王井の頭線/三鷹台駅 歩18分
ＪＲ中央線/吉祥寺駅 歩23分
","
築22年
5階建
","
											3階","13.5万円","-","13.5万円","13.5万円","1LDK","54.6m2","https://suumo.jp//chintai/jnc_000077008410/?bc=100298718639","https://img01.suumo.com/front/gazo/fr/bukken/639/100298718639/100298718639_co.jpg","2022-11-08"
"148","","ティンパンアレー","東京都中野区中央３","
東京メトロ丸ノ内線/新中野駅 歩5分
都営大江戸線/中野坂上駅 歩12分
ＪＲ総武線/中野駅 歩14分
","
築16年
3階建
","
											2階","13.8万円","-","27.6万円","13.8万円","1LDK","49.79m2","https://suumo.jp//chintai/jnc_000077973330/?bc=100303604911","https://img01.suumo.com/front/gazo/fr/bukken/911/100303604911/100303604911_co.jpg","2022-11-08"
"149","","ティンパンアレー","東京都中野区中央３","
東京メトロ丸ノ内線/新中野駅 歩5分
都営大江戸線/中野坂上駅 歩12分
ＪＲ総武線/中野駅 歩14分
","
築16年
3階建
","
											2階","13.8万円","-","27.6万円","13.8万円","1LDK","49.79m2","https://suumo.jp//chintai/jnc_000078047064/?bc=100303734258","https://img01.suumo.com/front/gazo/fr/bukken/258/100303734258/100303734258_co.jpg","2022-11-08"
"150","","Mコート松庵","東京都杉並区松庵２","
ＪＲ中央線/西荻窪駅 歩9分
京王井の頭線/三鷹台駅 歩19分
ＪＲ中央線/吉祥寺駅 歩23分
","
築21年
5階建
","
											3階","13.5万円","-","13.5万円","13.5万円","1LDK","54.6m2","https://suumo.jp//chintai/jnc_000077008409/?bc=100303674784","https://img01.suumo.com/front/gazo/fr/bukken/784/100303674784/100303674784_co.jpg","2022-11-09"
"151","","ＪＲ中央線 中野駅 2階建 築16年","東京都中野区中央３","
ＪＲ中央線/中野駅 歩14分
東京メトロ丸ノ内線/新中野駅 歩5分
東京メトロ丸ノ内線/中野坂上駅 歩15分
","
築16年
2階建
","
											2階","13.8万円","-","27.6万円","13.8万円","1LDK","49.79m2","https://suumo.jp//chintai/jnc_000077977681/?bc=100303589491","https://img01.suumo.com/front/gazo/fr/bukken/491/100303589491/100303589491_co.jpg","2022-11-09"
"152","","ＪＲ中央線 中野駅 2階建 築16年","東京都中野区中央３","
ＪＲ中央線/中野駅 歩14分
東京メトロ丸ノ内線/新中野駅 歩5分
東京メトロ丸ノ内線/中野坂上駅 歩15分
","
築16年
2階建
","
											2階","13.8万円","-","27.6万円","13.8万円","1LDK","49.79m2","https://suumo.jp//chintai/jnc_000078047065/?bc=100303745395","https://img01.suumo.com/front/gazo/fr/bukken/395/100303745395/100303745395_co.jpg","2022-11-09"
"153","","プリマヴェーラ","東京都世田谷区上祖師谷１","
京王線/千歳烏山駅 歩9分
京王線/芦花公園駅 歩20分
京王線/仙川駅 歩23分
","
築9年
2階建
","
											2階","11.8万円","3000円","-","11.8万円","1LDK","46.09m2","https://suumo.jp//chintai/jnc_000078082425/?bc=100303994155","https://img01.suumo.com/front/gazo/fr/bukken/155/100303994155/100303994155_co.jpg","2022-11-11"
"154","","京王線 千歳烏山駅 2階建 築9年","東京都世田谷区上祖師谷１","
京王線/千歳烏山駅 歩9分
京王線/芦花公園駅 歩19分
京王線/仙川駅 歩20分
","
築9年
2階建
","
											2階","11.8万円","3000円","-","11.8万円","1LDK","46.09m2","https://suumo.jp//chintai/jnc_000078101432/?bc=100304003559","https://img01.suumo.com/front/gazo/fr/bukken/559/100304003559/100304003559_co.jpg","2022-11-11"
"155","","東京メトロ丸ノ内線 新中野駅 2階建 築20年","東京都中野区中央３","
東京メトロ丸ノ内線/新中野駅 歩5分
ＪＲ総武線/中野駅 歩14分
都営大江戸線/中野坂上駅 歩15分
","
築20年
2階建
","
											2階","13.8万円","-","27.6万円","13.8万円","1LDK","49.79m2","https://suumo.jp//chintai/jnc_000078116547/?bc=100304079952","https://img01.suumo.com/front/gazo/fr/bukken/952/100304079952/100304079952_co.jpg","2022-11-11"
"156","","Tin　Pan　Alley","東京都中野区中央３","
東京メトロ丸ノ内線/新中野駅 歩5分
ＪＲ中央線/中野駅 歩14分
東京メトロ丸ノ内線/中野新橋駅 歩13分
","
築16年
2階建
","
											2階","13.8万円","-","27.6万円","13.8万円","1LDK","49.79m2","https://suumo.jp//chintai/jnc_000078047064/?bc=100303809580","https://img01.suumo.com/front/gazo/fr/bukken/580/100303809580/100303809580_co.gif","2022-11-11"
"157","","Design Maison Hale Kupuna","東京都中野区南台２","
東京メトロ丸ノ内線/中野富士見町駅 歩10分
東京メトロ丸ノ内線/中野新橋駅 歩13分
東京メトロ丸ノ内線/方南町駅 歩15分
","
築2年
3階建
","
											2階","13.6万円","2000円","13.6万円","13.6万円","1LDK","45.11m2","https://suumo.jp//chintai/jnc_000078116573/?bc=100304099289","https://img01.suumo.com/front/gazo/fr/bukken/289/100304099289/100304099289_co.jpg","2022-11-12"
"158","","京成押上線 押上駅 3階建 築9年","東京都墨田区向島２","
京成押上線/押上駅 歩10分
東武伊勢崎線/とうきょうスカイツリー駅 歩11分
東武伊勢崎線/曳舟駅 歩12分
","
築9年
3階建
","
											3階","11.5万円","3000円","5.75万円","17.25万円","1LDK","45m2","https://suumo.jp//chintai/jnc_000078123154/?bc=100304115196","https://img01.suumo.com/front/gazo/fr/bukken/196/100304115196/100304115196_co.jpg","2022-11-12"
"159","","カーサ　デル　フイオーレ","東京都墨田区向島２","
東京メトロ半蔵門線/押上駅 歩10分
東武伊勢崎線/曳舟駅 歩10分
東京メトロ銀座線/浅草駅 歩13分
","
築9年
3階建
","
											3階","11.5万円","3000円","5.75万円","17.25万円","1LDK","45m2","https://suumo.jp//chintai/jnc_000078123153/?bc=100304128568","https://img01.suumo.com/front/gazo/fr/bukken/568/100304128568/100304128568_co.jpg","2022-11-12"
"160","","東京メトロ半蔵門線 押上駅 3階建 築9年","東京都墨田区向島２","
東京メトロ半蔵門線/押上駅 歩10分
東武伊勢崎線/とうきょうスカイツリー駅 歩11分
都営浅草線/本所吾妻橋駅 歩13分
","
築9年
3階建
","
											3階","11.5万円","3000円","5.75万円","17.25万円","1LDK","45m2","https://suumo.jp//chintai/jnc_000078123154/?bc=100304141433","https://img01.suumo.com/front/gazo/fr/bukken/433/100304141433/100304141433_co.jpg","2022-11-12"
"161","","カーサ　デル　フィオーレ","東京都墨田区向島２","
東京メトロ半蔵門線/押上駅 歩10分
都営浅草線/本所吾妻橋駅 歩11分
東武伊勢崎線/曳舟駅 歩12分
","
築9年
3階建
","
											3階","11.5万円","3000円","5.75万円","17.25万円","1LDK","45m2","https://suumo.jp//chintai/jnc_000078123153/?bc=100304205837","https://img01.suumo.com/front/gazo/fr/bukken/837/100304205837/100304205837_co.jpg","2022-11-13"
"162","","カーサデルフィオーレ","東京都墨田区向島２","
東京メトロ半蔵門線/押上駅 歩10分
東武伊勢崎線/とうきょうスカイツリー駅 歩11分
東武伊勢崎線/曳舟駅 歩13分
","
築9年
3階建
","
											3階","11.5万円","3000円","5.75万円","17.25万円","1LDK","45m2","https://suumo.jp//chintai/jnc_000078123153/?bc=100304251720","https://img01.suumo.com/front/gazo/fr/bukken/720/100304251720/100304251720_co.jpg","2022-11-13"
"163","","グランツ明大前","東京都杉並区和泉２","
京王線/代田橋駅 歩7分
京王線/明大前駅 歩11分
京王線/笹塚駅 歩15分
","
築6年
2階建
","
											2階","13.4万円","5000円","13.4万円","13.4万円","1LDK","47.71m2","https://suumo.jp//chintai/jnc_000087668970/?bc=100361173479","https://img01.suumo.com/front/gazo/fr/bukken/479/100361173479/100361173479_co.jpg","2024-02-02"
"164","","東京メトロ丸ノ内線 東高円寺駅 2階建 築9年","東京都杉並区和田３","
東京メトロ丸ノ内線/東高円寺駅 歩9分
東京メトロ丸ノ内線/新高円寺駅 歩13分
東京メトロ丸ノ内線/方南町駅 歩15分
","
築9年
2階建
","
											2階","10.5万円","2000円","10.5万円","10.5万円","1LDK","45.91m2","https://suumo.jp//chintai/jnc_000055785782/?bc=100360448526","https://img01.suumo.com/front/gazo/fr/bukken/526/100360448526/100360448526_co.jpg","2024-02-02"
"165","","ミハス芦花公園西","東京都世田谷区粕谷４","
京王線/千歳烏山駅 歩8分
京王線/芦花公園駅 歩14分
京王線/八幡山駅 歩20分
","
築8年
3階建
","
											2階","12.4万円","8000円","-","12.4万円","1LDK","53.94m2","https://suumo.jp//chintai/jnc_000087144755/?bc=100358362741","https://img01.suumo.com/front/gazo/fr/bukken/741/100358362741/100358362741_co.jpg","2024-02-02"
"166","","ヴィラピネド","東京都杉並区阿佐谷北４","
ＪＲ中央線/阿佐ケ谷駅 歩10分
西武新宿線/鷺ノ宮駅 歩17分
東京メトロ丸ノ内線/南阿佐ケ谷駅 歩17分
","
築9年
2階建
","
											2階","13.6万円","2000円","13.6万円","13.6万円","1LDK","54.25m2","https://suumo.jp//chintai/jnc_000087668955/?bc=100361146904","https://img01.suumo.com/front/gazo/fr/bukken/904/100361146904/100361146904_co.jpg","2024-02-02"
